{"all_neems": [{"maintainer": "Simon Stelter", "name": "Kuka KMR-IIWA robot scanning retail shelves", "image": "img/neem-images/refills-shelf-scanning-simulation/cover/cover_img.jpg", "downloadUrl": "https://neemgit.informatik.uni-bremen.de/neems/refills-shelf-scanning-simulation", "neem_repo_path": "refills-shelf-scanning-simulation", "neem_id": "5fdc979f55605baa6a41da8c", "last_updated": "2020-12-18T12:50:06.000+01:00", "md_path": "/opt/webapp/webrob/overview-contents/refills-shelf-scanning-simulation.md", "description": "Episodic memories of a Kuka KMR-IIWA robot scanning the shelves in a simualated retail store environment."}, {"maintainer": "Mona Abdel-Keream", "name": "Human avatar performing fetch and place task", "image": "img/neem-images/ease-2020-avatar-fetch-and-place/cover/cover_img.png", "downloadUrl": "https://neemgit.informatik.uni-bremen.de/neems/ease-2020-avatar-fetch-and-place-episode", "neem_repo_path": "ease-2020-avatar-fetch-and-place", "neem_id": "5fdca2bcdab33892cea161a0", "last_updated": "2021-02-26T02:07:17.000+00:00", "md_path": "/opt/webapp/webrob/overview-contents/ease-2020-avatar-fetch-and-place.md", "description": "Episodic memories of a human operator performing fetch and place tasks in a simulated environment by controlling an avatar mimicking the body of a human."}, {"maintainer": "Sebastian Koralewski", "name": "PR2 robot setting up a table in bullet world", "image": "img/neem-images/ease-2020-projection-fetch-and-place/cover/cover_img.png", "downloadUrl": "https://neemgit.informatik.uni-bremen.de/neems/ease-2020-pr2-setting-up-table", "neem_repo_path": "ease-2020-projection-fetch-and-place", "neem_id": "5fd0f191f3fc822d8e73d715", "last_updated": "2021-02-11T09:43:37.000+01:00", "md_path": "/opt/webapp/webrob/overview-contents/ease-2020-projection-fetch-and-place.md", "description": "Episodic memories of a PR2 robot setting a table including a spoon, bowl and milk box in a simulated kitchen environment."}, {"maintainer": "Simon Stelter", "name": "Kuka KMR-IIWA robot scanning retail shelves", "image": "img/neem-images/refills-shelf-scanning/cover/cover_img.jpg", "downloadUrl": "https://neemgit.informatik.uni-bremen.de/neems/refills-shelf-scanning", "neem_repo_path": "refills-shelf-scanning", "neem_id": "601042627e765711e2c10ab0", "last_updated": "2021-02-04T11:53:39.000+00:00", "md_path": "/opt/webapp/webrob/overview-contents/refills-shelf-scanning.md", "description": "Episodic memories of a Kuka KMR-IIWA robot scanning the shelves in a retail store environment."}, {"maintainer": "Michael Neumann", "name": "PR2 Robot setting up a table in simulated IAI laboratory kitchen environment", "image": "img/neem-images/ease-2020-urobosim-fetch-and-place/cover/cover_img.png", "downloadUrl": "https://neemgit.informatik.uni-bremen.de/neems/urobosim-kitchen-fetch-place", "neem_repo_path": "ease-2020-urobosim-fetch-and-place", "neem_id": "603127322113d53026863697", "last_updated": "2021-03-02T14:08:52.000+00:00", "md_path": "/opt/webapp/webrob/overview-contents/ease-2020-urobosim-fetch-and-place.md", "description": "Episodic memories of a PR2 robot setting a table in a simulated laboratory kitchen environment at the University of Bremen."}, {"maintainer": "Johannes Pfau", "name": "Set the table for two persons.", "image": "img/neem-images/ease-2020-kitchenclash-set-table/cover/cover_img.png", "downloadUrl": "https://neemgit.informatik.uni-bremen.de/neems/kitchenclash", "neem_repo_path": "ease-2020-kitchenclash-set-table", "neem_id": "60391798bd0858dfb1aaccfd", "last_updated": "2021-02-15T16:04:48.000+00:00", "md_path": "/opt/webapp/webrob/overview-contents/ease-2020-kitchenclash-set-table.md", "description": "Episodic memories of a human operator performing table setting in a simulated virtual reality environment."}, {"maintainer": "Johannes Pfau", "name": "Prepare a basic cucumber salad.", "image": "img/neem-images/ease-2020-kitchenclash-prepare-cucumber-salad/cover/cover_img.png", "downloadUrl": "https://neemgit.informatik.uni-bremen.de/neems/kitchenclash", "neem_repo_path": "ease-2020-kitchenclash-prepare-cucumber-salad", "neem_id": "60392c01ac14f9c7daab8e2b", "last_updated": "2021-02-15T16:04:48.000+00:00", "md_path": "/opt/webapp/webrob/overview-contents/ease-2020-kitchenclash-prepare-cucumber-salad.md", "description": "Episodic memories of a human operator preparing a basic cucumber salad in a simulated virtual reality environment."}, {"maintainer": "Johannes Pfau", "name": "Prepare a steak.", "image": "img/neem-images/ease-2020-kitchenclash-prepare-a-steak/cover/cover_img.png", "downloadUrl": "https://neemgit.informatik.uni-bremen.de/neems/kitchenclash", "neem_repo_path": "ease-2020-kitchenclash-prepare-a-steak", "neem_id": "603932bebca1070a4784e0c8", "last_updated": "2021-02-15T16:04:48.000+00:00", "md_path": "/opt/webapp/webrob/overview-contents/ease-2020-kitchenclash-prepare-a-steak.md", "description": "Episodic memories of a human operator preparing a steak in a simulated virtual reality environment."}, {"maintainer": "Moritz", "name": "EASE Table Setting Dataset", "image": "img/neem-images/ease-2020-elan-table-setting/cover/cover_img", "downloadUrl": "https://neemgit.informatik.uni-bremen.de/neems/ease-tsd", "neem_repo_path": "ease-2020-elan-table-setting", "neem_id": "6082c4197bde3a6bd233d477", "last_updated": "2021-03-02T14:48:14.000+01:00", "md_path": "/opt/webapp/webrob/overview-contents/ease-2020-elan-table-setting.md", "description": "Multimodal dataset of human table setting."}], "recent_neems": [{"maintainer": "Moritz", "name": "EASE Table Setting Dataset", "image": "img/neem-images/ease-2020-elan-table-setting/cover/cover_img", "downloadUrl": "https://neemgit.informatik.uni-bremen.de/neems/ease-tsd", "neem_repo_path": "ease-2020-elan-table-setting", "neem_id": "6082c4197bde3a6bd233d477", "last_updated": "2021-03-02T14:48:14.000+01:00", "md_path": "/opt/webapp/webrob/overview-contents/ease-2020-elan-table-setting.md", "description": "Multimodal dataset of human table setting."}, {"maintainer": "Mona Abdel-Keream", "name": "Human avatar performing fetch and place task", "image": "img/neem-images/ease-2020-avatar-fetch-and-place/cover/cover_img.png", "downloadUrl": "https://neemgit.informatik.uni-bremen.de/neems/ease-2020-avatar-fetch-and-place-episode", "neem_repo_path": "ease-2020-avatar-fetch-and-place", "neem_id": "5fdca2bcdab33892cea161a0", "last_updated": "2021-02-26T02:07:17.000+00:00", "md_path": "/opt/webapp/webrob/overview-contents/ease-2020-avatar-fetch-and-place.md", "description": "Episodic memories of a human operator performing fetch and place tasks in a simulated environment by controlling an avatar mimicking the body of a human."}, {"maintainer": "Johannes Pfau", "name": "Set the table for two persons.", "image": "img/neem-images/ease-2020-kitchenclash-set-table/cover/cover_img.png", "downloadUrl": "https://neemgit.informatik.uni-bremen.de/neems/kitchenclash", "neem_repo_path": "ease-2020-kitchenclash-set-table", "neem_id": "60391798bd0858dfb1aaccfd", "last_updated": "2021-02-15T16:04:48.000+00:00", "md_path": "/opt/webapp/webrob/overview-contents/ease-2020-kitchenclash-set-table.md", "description": "Episodic memories of a human operator performing table setting in a simulated virtual reality environment."}, {"maintainer": "Johannes Pfau", "name": "Prepare a basic cucumber salad.", "image": "img/neem-images/ease-2020-kitchenclash-prepare-cucumber-salad/cover/cover_img.png", "downloadUrl": "https://neemgit.informatik.uni-bremen.de/neems/kitchenclash", "neem_repo_path": "ease-2020-kitchenclash-prepare-cucumber-salad", "neem_id": "60392c01ac14f9c7daab8e2b", "last_updated": "2021-02-15T16:04:48.000+00:00", "md_path": "/opt/webapp/webrob/overview-contents/ease-2020-kitchenclash-prepare-cucumber-salad.md", "description": "Episodic memories of a human operator preparing a basic cucumber salad in a simulated virtual reality environment."}, {"maintainer": "Johannes Pfau", "name": "Prepare a steak.", "image": "img/neem-images/ease-2020-kitchenclash-prepare-a-steak/cover/cover_img.png", "downloadUrl": "https://neemgit.informatik.uni-bremen.de/neems/kitchenclash", "neem_repo_path": "ease-2020-kitchenclash-prepare-a-steak", "neem_id": "603932bebca1070a4784e0c8", "last_updated": "2021-02-15T16:04:48.000+00:00", "md_path": "/opt/webapp/webrob/overview-contents/ease-2020-kitchenclash-prepare-a-steak.md", "description": "Episodic memories of a human operator preparing a steak in a simulated virtual reality environment."}, {"maintainer": "Sebastian Koralewski", "name": "PR2 robot setting up a table in bullet world", "image": "img/neem-images/ease-2020-projection-fetch-and-place/cover/cover_img.png", "downloadUrl": "https://neemgit.informatik.uni-bremen.de/neems/ease-2020-pr2-setting-up-table", "neem_repo_path": "ease-2020-projection-fetch-and-place", "neem_id": "5fd0f191f3fc822d8e73d715", "last_updated": "2021-02-11T09:43:37.000+01:00", "md_path": "/opt/webapp/webrob/overview-contents/ease-2020-projection-fetch-and-place.md", "description": "Episodic memories of a PR2 robot setting a table including a spoon, bowl and milk box in a simulated kitchen environment."}], "featured_neems": [{"maintainer": "Simon Stelter", "name": "Kuka KMR-IIWA robot scanning retail shelves", "image": "img/neem-images/refills-shelf-scanning/cover/cover_img.jpg", "downloadUrl": "https://neemgit.informatik.uni-bremen.de/neems/refills-shelf-scanning", "neem_repo_path": "refills-shelf-scanning", "neem_id": "601042627e765711e2c10ab0", "last_updated": "2021-02-04T11:53:39.000+00:00", "md_path": "/opt/webapp/webrob/overview-contents/refills-shelf-scanning.md", "description": "Episodic memories of a Kuka KMR-IIWA robot scanning the shelves in a retail store environment."}, {"maintainer": "Michael Neumann", "name": "PR2 Robot setting up a table in simulated IAI laboratory kitchen environment", "image": "img/neem-images/ease-2020-urobosim-fetch-and-place/cover/cover_img.png", "downloadUrl": "https://neemgit.informatik.uni-bremen.de/neems/urobosim-kitchen-fetch-place", "neem_repo_path": "ease-2020-urobosim-fetch-and-place", "neem_id": "603127322113d53026863697", "last_updated": "2021-03-02T14:08:52.000+00:00", "md_path": "/opt/webapp/webrob/overview-contents/ease-2020-urobosim-fetch-and-place.md", "description": "Episodic memories of a PR2 robot setting a table in a simulated laboratory kitchen environment at the University of Bremen."}]}